{
  "version": 2,
  "settings": {
    "appearanceTools": true,
    "color": {
      "palette": [
        {
          "slug": "primary",
          "color": "#2563eb",
          "name": "Primary"
        },
        {
          "slug": "secondary",
          "color": "#111827",
          "name": "Secondary"
        },
        {
          "slug": "accent",
          "color": "#10b981",
          "name": "Accent"
        },
        {
          "slug": "muted",
          "color": "#6b7280",
          "name": "Muted"
        }
      ]
    },
    "typography": {
      "fontFamilies": [
        {
          "fontFamily": "Inter, system-ui, -apple-system, Segoe UI, Roboto, Helvetica, Arial, sans-serif",
          "name": "Inter",
          "slug": "inter"
        },
        {
          "fontFamily": "Georgia, Cambria, Times New Roman, Times, serif",
          "name": "Serif",
          "slug": "serif"
        }
      ],
      "fontSizes": [
        {
          "slug": "sm",
          "size": "14px"
        },
        {
          "slug": "base",
          "size": "16px"
        },
        {
          "slug": "lg",
          "size": "18px"
        },
        {
          "slug": "xl",
          "size": "24px"
        },
        {
          "slug": "2xl",
          "size": "32px"
        },
        {
          "slug": "3xl",
          "size": "40px"
        }
      ]
    },
    "layout": {
      "contentSize": "720px",
      "wideSize": "1200px"
    }
  },
  "styles": {
    "typography": {
      "fontFamily": "var(--wp--preset--font-family--inter)"
    },
    "color": {
      "text": "#111827",
      "background": "#ffffff"
    },
    "elements": {
      "link": {
        "color": {
          "text": "var(--wp--preset--color--primary)"
        }
      }
    }
  },
  "customTemplates": []
}